{
	"format_version": "1.8.0",
	"animations": {
		"walking": {
			"loop": true,
			"animation_length": 2,
			"bones": {
				"tail": {
					"rotation": {
						"0.0": {
							"vector": [0, 0, 0]
						},
						"0.5": {
							"vector": [1.5667, -17.2294, -0.3141]
						},
						"1.5": {
							"vector": [0.87242, 19.04092, -7.74296]
						},
						"2.0": {
							"vector": [-1.11066, 0.15609, 0.08628]
						}
					}
				},
				"leg_back_left": {
					"rotation": {
						"0.0": {
							"vector": [0, 0, 0]
						},
						"0.5": {
							"vector": [30, 0, 0]
						},
						"1.5": {
							"vector": [-27.5, 0, 0]
						},
						"2.0": {
							"vector": [0, 0, 0]
						}
					}
				},
				"leg_back_right": {
					"rotation": {
						"0.0": {
							"vector": [0, 0, 0]
						},
						"0.5": {
							"vector": [-27.5, 0, 0]
						},
						"1.5": {
							"vector": [27.5, 0, 0]
						},
						"2.0": {
							"vector": [0, 0, 0]
						}
					}
				},
				"leg_front_left": {
					"rotation": {
						"0.0": {
							"vector": [0, 0, 0]
						},
						"0.5": {
							"vector": [-22.5, 0, 0]
						},
						"1.5": {
							"vector": [25, 0, 0]
						},
						"2.0": {
							"vector": [0, 0, 0]
						}
					}
				},
				"leg_front_right": {
					"rotation": {
						"0.0": {
							"vector": [0, 0, 0]
						},
						"0.5": {
							"vector": [27.5, 0, 0]
						},
						"1.5": {
							"vector": [-35.08445, 0.16305, 0.62681]
						},
						"2.0": {
							"vector": [-0.08445, 0.16305, 0.62681]
						}
					}
				},
				"arm_left": {
					"rotation": {
						"0.0": {
							"vector": [0, 0, 0]
						},
						"0.5": {
							"vector": [35.23163, -6.13784, -4.31837]
						},
						"1.5": {
							"vector": [-35.43246, 7.64427, -6.46635]
						},
						"2.0": {
							"vector": [-0.08526, 4.01718, -2.12874]
						}
					}
				},
				"arm_right": {
					"rotation": {
						"0.0": {
							"vector": [0, 0, 0]
						},
						"0.5": {
							"vector": [-31.18939, -15.09492, 8.95891]
						},
						"1.5": {
							"vector": [36.66295, 16.39431, 9.10062]
						},
						"2.0": {
							"vector": [0.05617, 1.71247, 0.18362]
						}
					}
				}
			}
		}
	}
}